USE UniversalMart
GO


INSERT INTO CONSUMER (Consumer_ID, Given_Name, Family_Name, Email_Address, Contact_Number, Postal_Address, Consumer_Status, Starting_Date) VALUES
(1, 'Myrna', 'MacGaughie', 'mmacgaughie0@google.nl', '07-839-6569', '103 Beacon St, The Berkeley, Boston, MA', 'active', '2023-10-20'),
(2, 'Pauly', 'Gounard', 'pgounard1@reuters.com', '86-753-9534', '207 Market St, Liberty Towers, Philadelphia, PA', 'active', '2023-08-12'),
(3, 'Mycah', 'Beadon', 'mbeadon2@gizmodo.com', '00-762-7630', '298 Pine St, Millennium Tower, San Francisco, CA', 'inactive', '2023-07-08'),
(4, 'Neils', 'Vereker', 'nvereker3@mozilla.org', '62-979-8773', '412 Main St, Skyview, New York, NY', 'active', '2023-03-10'),
(5, 'Cathlene', 'Bellingham', 'cbellingham4@1und1.de', '93-448-8998', '505 Elm St, Riverside Apartments, Chicago, IL', 'inactive', '2024-01-27'),
(6, 'Mose', 'Stratford', 'mstratford5@dyndns.org', '41-288-3584', '610 Lagoon Blvd, Oceanview Estates, Miami, FL', 'active', '2023-03-28'),
(7, 'Leonanie', 'Elfleet', 'lelfleet6@bing.com', '15-223-0706', '704 Oak St, Highland Manor, Austin, TX', 'inactive', '2023-12-08'),
(8, 'Gabi', 'Grishenkov', 'ggrishenkov7@uol.com.br', '67-876-7189', '822 Maple Ave, Central Lofts, Seattle, WA', 'inactive', '2023-01-10'),
(9, 'Archambault', 'Linton', 'alinton8@ebay.co.uk', '15-622-6792', '918 Cedar Rd, Pioneer Square, Portland, OR', 'inactive', '2023-09-30'),
(10, 'Ragnar', 'Bowsher', 'rbowsher9@bandcamp.com', '80-561-6564', '1011 Birch Ln, Capitol Hill, Denver, CO', 'inactive', '2023-05-27'),
(11, 'Gerri', 'Frier', 'gfriera@economist.com', '20-174-1373', '1129 Pine St, Vista Ridge, Las Vegas, NV', 'inactive', '2023-11-11'),
(12, 'Ed', 'Merriott', 'emerriottb@blogs.com', '74-682-8202', '1208 Oak St, Riverbend Apts, Phoenix, AZ', 'active', '2024-03-13'),
(13, 'Pippo', 'Borit', 'pboritc@psu.edu', '23-354-9983', '1325 Maple Rd, Sky Heights, Dallas, TX', 'inactive', '2023-07-29'),
(14, 'Clay', 'Scotchforth', 'cscotchforthd@privacy.gov.au', '91-338-2788', '1432 Elm St, Green Acres, Charlotte, NC', 'active', '2023-06-07'),
(15, 'Amber', 'Matfin', 'amatfine@nifty.com', '73-346-6201', '1514 Cedar Ave, Lakeview Condos, Orlando, FL', 'inactive', '2024-02-04'),
(16, 'Teresina', 'Walczak', 'twalczakf@gnu.org', '62-615-0165', '1642 Birch Ln, Highland Estates, Miami, FL', 'active', '2023-08-30'),
(17, 'Roxine', 'Miko', 'rmikog@nbcnews.com', '33-235-6133', '1736 Willow Way, Pinegrove Square, Atlanta, GA', 'inactive', '2024-04-06'),
(18, 'Livvie', 'Ginnally', 'lginnallyh@sciencedirect.com', '94-274-7911', '1815 Oakdale Rd, Sunnyvale Apartments, Houston, TX', 'inactive', '2024-01-06'),
(19, 'Josh', 'Yearsley', 'jyearsleyi@msn.com', '30-870-1870', '1944 Maple Dr, Brookwood Village, Seattle, WA', 'active', '2023-07-07'),
(20, 'Hinda', 'Buckles', 'hbucklesj@hugedomains.com', '99-355-1917', '2012 Spruce St, Mountainview Complex, Denver, CO', 'inactive', '2023-08-11'),
(21, 'Mikkel', 'Flaunders', 'mflaundersk@weibo.com', '79-134-8040', '2157 Alder St, Riverview Gardens, Boston, MA', 'active', '2024-01-27'),
(22, 'Daniela', 'Timothy', 'dtimothyl@bloomberg.com', '75-067-5765', '2290 Chestnut Ave, Orchard Park, San Francisco, CA', 'active', '2023-02-07'),
(23, 'Phillipp', 'D''Ambrogio', 'pdambrogiom@va.gov', '34-847-5917', '2376 Aspen Pl, Kingswood Condominiums, Chicago, IL', 'inactive', '2023-02-04'),
(24, 'Letisha', 'Romeuf', 'lromeufn@chicagotribune.com', '88-868-8102', '2489 Redwood Ln, Cedar Ridge, New York, NY', 'active', '2023-12-22'),
(25, 'Laughton', 'Espie', 'lespieo@techcrunch.com', '63-410-6198', '2533 Cypress Cir, Valley Forge, Philadelphia, PA', 'active', '2024-02-20'),
(26, 'Kristoforo', 'Ecclestone', 'kecclestonep@cargocollective.com', '65-458-2974', '2678 Sycamore St, Windsor Manor, Austin, TX', 'active', '2024-03-29'),
(27, 'Maryjo', 'Alvarado', 'malvaradoq@so-net.ne.jp', '73-590-6967', '2735 Poplar Ave, Greenwood Apartments, Jacksonville, FL', 'inactive', '2023-05-08'),
(28, 'Vivia', 'Madre', 'vmadrer@photobucket.com', '75-491-3135', '2860 Hickory St, Crown Heights, San Diego, CA', 'active', '2023-01-06'),
(29, 'Lilian', 'Lamberteschi', 'llamberteschis@newsvine.com', '33-007-9128', '2971 Birchwood Dr, Lake Meridian, Detroit, MI', 'active', '2023-02-02'),
(30, 'Sayre', 'Maneylaws', 'smaneylawst@sbwire.com', '45-352-4775', '3084 Cedar Park, Stonegate, San Jose, CA', 'inactive', '2023-08-06'),
(31, 'Weston', 'Deares', 'wdearesu@behance.net', '86-512-9583', '3190 Pineview Ln, Oakmont Villas, Columbus, OH', 'active', '2023-09-29'),
(32, 'Aidan', 'Mollene', 'amollenev@mozilla.com', '39-938-9814', '3267 Elmwood Ct, Parkside Lofts, Indianapolis, IN', 'inactive', '2023-03-23'),
(33, 'Townie', 'Gready', 'tgreadyw@google.it', '10-917-0378', '3352 Maplewood Dr, The Hamptons, San Antonio, TX', 'inactive', '2023-06-28'),
(34, 'Somerset', 'Chorley', 'schorleyx@umich.edu', '85-733-6510', '3419 Evergreen Rd, Sunset Ridge, Dallas, TX', 'active', '2023-07-22'),
(35, 'Rorke', 'Fardy', 'rfardyy@google.co.uk', '38-273-5331', '3588 Oak Ridge, Maplewood Apartments, Fort Worth, TX', 'inactive', '2023-03-02'),
(36, 'Vittorio', 'Thorbon', 'vthorbonz@psu.edu', '40-284-6643', '3625 Birch Rd, Cherrywood Villas, Charlotte, NC', 'active', '2023-03-10'),
(37, 'Truda', 'Bonnesen', 'tbonnesen10@51.la', '88-463-6521', '3771 Walnut St, River Bend, Memphis, TN', 'active', '2023-11-03'),
(38, 'Filippa', 'Cornill', 'fcornill11@angelfire.com', '13-857-8422', '3846 Cedar Ln, Pine Hills, Baltimore, MD', 'active', '2024-01-24'),
(39, 'Wald', 'Cadding', 'wcadding12@bbc.co.uk', '87-403-8549', '3992 Alderwood Dr, Lakeview Terrace, Albuquerque, NM', 'active', '2024-04-08'),
(40, 'Simonette', 'Handy', 'shandy13@imgur.com', '90-802-9683', '4011 Willow Ct, Autumn Chase, Nashville, TN', 'active', '2023-12-16'),
(41, 'Elias', 'Wilman', 'ewilman14@accuweather.com', '55-636-2120', '4133 Redwood Dr, Summit Place, Milwaukee, WI', 'active', '2023-03-23'),
(42, 'Caria', 'Covey', 'ccovey15@wikimedia.org', '84-897-5322', '4210 Spruce Path, Whispering Pines, Portland, OR', 'active', '2023-06-11'),
(43, 'Mohandis', 'Beaudry', 'mbeaudry16@typepad.com', '12-144-7623', '4378 Aspen Grove, Heritage Park, Oklahoma City, OK', 'active', '2024-02-05'),
(44, 'Elva', 'Gammon', 'egammon17@studiopress.com', '57-088-9759', '4421 Birch St, Creekwood Landing, Las Vegas, NV', 'active', '2023-11-27'),
(45, 'Chad', 'Lohan', 'clohan18@quantcast.com', '36-061-1143', '4533 Cedar Pl, Parkway Gardens, Louisville, KY', 'active', '2023-02-05'),
(46, 'Sarena', 'Hymers', 'shymers19@shop-pro.jp', '16-104-4804', '4698 Elm St, Colonial Estates, Los Angeles, CA', 'active', '2023-11-21'),
(47, 'Jacqueline', 'Daniell', 'jdaniell1a@sourceforge.net', '04-541-9883', '4729 Pine St, Forest Meadows, Phoenix, AZ', 'active', '2023-06-16'),
(48, 'Mendie', 'Ferns', 'mferns1b@nationalgeographic.com', '90-078-8015', '4815 Oak Cir, Riverfront Residences, Houston, TX', 'active', '2023-05-09'),
(49, 'Zacharia', 'Waterstone', 'zwaterstone1c@cmu.edu', '18-488-7916', '4988 Maple Ln, Northwoods Village, Chicago, IL', 'active', '2024-02-16'),
(50, 'Rhodia', 'Craiker', 'rcraiker1d@google.it', '45-638-1368', '5075 Spruce Rd, Eastside Quarters, Miami, FL', 'active', '2023-11-19');

--inserting into transaction_information table:
INSERT INTO TRANSACTION_INFORMATION (Transaction_ID, Amount, Rebate, Transaction_method, Transaction_Status) VALUES
(25338, 343.91, 30, 'maestro', 'complete'),
(82321, 224.61, 20, 'visa', 'complete'),
(43212, 357.78, 30, 'visa', 'overdue'), 
(78123, 590.64, 50, 'americanexpress', 'pending'),
(12432, 109.39, 10, 'maestro', 'complete'),
(54233, 862.09, 80, 'americanexpress', 'overdue'), 
(12335, 94.47, 0, 'americanexpress', 'complete'),
(12312, 484.89, 40, 'bankcard', 'complete'),
(12313, 133.07, 10, 'americanexpress', 'pending'),
(31232, 550.72, 50, 'visa', 'pending'),
(12341, 682.21, 60, 'mastercard', 'pending'),
(34534, 840.33, 80, 'mastercard', 'overdue'), 
(34234, 712.54, 70, 'americanexpress', 'complete'),
(34535, 636.98, 60, 'laser', 'complete'),
(78978, 389.97, 30, 'visa', 'complete'),
(67867, 749.01, 70, 'bankcard', 'overdue'), 
(17123, 280.28, 20, 'laser', 'complete'),
(18321, 427.32, 40, 'mastercard', 'overdue'), 
(19345, 762.70, 70, 'visa', 'complete'),
(20123, 718.64, 70, 'americanexpress', 'complete'),
(22123, 196.83, 10, 'laser', 'complete'),
(23123, 891.65, 80, 'laser', 'complete'),
(14325, 305.68, 30, 'visa', 'pending'),
(24345, 487.79, 40, 'laser', 'complete'),
(25345, 256.93, 20, 'mastercard', 'complete'),
(26345, 817.33, 80, 'maestro', 'overdue'),
(27345, 111.37, 10, 'maestro', 'complete'),
(28345, 286.43, 20, 'laser', 'pending'),
(29234, 37.66, 0, 'americanexpress', 'complete'),
(30456, 71.66, 0, 'mastercard', 'complete'),
(31433, 558.86, 50, 'visa', 'complete'),
(32534, 530.37, 50, 'maestro', 'pending'),
(33125, 637.94, 60, 'americanexpress', 'overdue'),
(31233, 366.65, 30, 'americanexpress', 'complete'),
(35234, 44.62, 0, 'americanexpress', 'pending'),
(31235, 632.35, 60, 'laser', 'complete'),
(37234, 701.74, 70, 'visa', 'overdue'),
(38423, 552.87, 50, 'bankcard', 'complete'),
(39234, 536.14, 50, 'bankcard', 'pending'),
(40234, 176.42, 10, 'maestro', 'overdue'),
(41412, 535.91, 50, 'americanexpress', 'overdue'),
(42123, 65.74, 0, 'bankcard', 'complete'),
(43532, 73.51, 0, 'visa', 'complete'),
(44123, 176.57, 10, 'maestro', 'pending'),
(45123, 571.93, 50, 'maestro', 'overdue'), 
(46123, 814.35, 80, 'laser', 'pending'),
(45431, 784.02, 70, 'mastercard', 'overdue'), 
(41234, 108.09, 10, 'mastercard', 'complete'),
(12411, 245.09, 20, 'americanexpress', 'pending'),
(98765, 62.68, 0, 'visa', 'complete');

--inserting into billing table:
INSERT INTO BILLING (Billing_ID, Billing_Date, Delivery_Address, Deadline_Date, Billing_Status, Transaction_ID, Consumer_ID) VALUES
(1, '2023-10-15', '103 Beacon St, The Berkeley, Boston, MA', '2023-11-15', 'successful', 25338, 1),
(2, '2023-08-05', '207 Market St, Liberty Towers, Philadelphia, PA', '2023-09-05', 'successful', 82321, 2),
(3, '2023-07-01', '298 Pine St, Millennium Tower, San Francisco, CA', '2023-08-01', 'successful', 43212, 3),
(4, '2023-03-05', '412 Main St, Skyview, New York, NY', '2023-04-05', 'unsuccessful', 78123, 4),
(5, '2024-01-22', '505 Elm St, Riverside Apartments, Chicago, IL', '2024-02-22', 'successful', 12432, 5),
(6, '2023-03-25', '610 Lagoon Blvd, Oceanview Estates, Miami, FL', '2023-04-25', 'successful', 54233, 6),
(7, '2023-12-08', '704 Oak St, Highland Manor, Austin, TX', '2024-01-08', 'successful', 12335, 7),
(8, '2023-01-10', '822 Maple Ave, Central Lofts, Seattle, WA', '2023-02-10', 'successful', 12312, 8),
(9, '2023-09-30', '918 Cedar Rd, Pioneer Square, Portland, OR', '2023-10-30', 'unsuccessful', 12313, 9),
(10, '2023-05-27', '1011 Birch Ln, Capitol Hill, Denver, CO', '2023-06-27', 'unsuccessful', 31232, 10),
(11, '2023-11-11', '1129 Pine St, Vista Ridge, Las Vegas, NV', '2023-12-11', 'unsuccessful', 12341, 11),
(12, '2024-03-13', '1208 Oak St, Riverbend Apts, Phoenix, AZ', '2024-04-13', 'successful', 34534, 12),
(13, '2023-07-29', '1325 Maple Rd, Sky Heights, Dallas, TX', '2023-08-29', 'successful', 34234, 13),
(14, '2023-06-07', '1432 Elm St, Green Acres, Charlotte, NC', '2023-07-07', 'successful', 34535, 14),
(15, '2024-02-04', '1514 Cedar Ave, Lakeview Condos, Orlando, FL', '2024-03-06', 'successful', 78978, 15),
(16, '2023-08-30', '1642 Birch Ln, Highland Estates, Miami, FL', '2023-09-29', 'successful', 67867, 16),
(17, '2024-04-06', '1736 Willow Way, Pinegrove Square, Atlanta, GA', '2024-05-06', 'successful', 17123, 17),
(18, '2024-01-06', '1815 Oakdale Rd, Sunnyvale Apartments, Houston, TX', '2024-02-05', 'successful', 18321, 18),
(19, '2023-07-07', '1944 Maple Dr, Brookwood Village, Seattle, WA', '2023-08-06', 'successful', 19345, 19),
(20, '2023-08-11', '2012 Spruce St, Mountainview Complex, Denver, CO', '2023-09-10', 'successful', 20123, 20),
(21, '2024-01-27', '2157 Alder St, Riverview Gardens, Boston, MA', '2024-02-26', 'successful', 22123, 21),
(22, '2023-02-07', '2290 Chestnut Ave, Orchard Park, San Francisco, CA', '2023-03-09', 'successful', 23123, 22),
(23, '2023-02-02', '2376 Aspen Pl, Kingswood Condominiums, Chicago, IL', '2023-03-04', 'Successful', 14325, 23),
(24, '2023-12-22', '2489 Redwood Ln, Cedar Ridge, New York, NY', '2024-01-21', 'successful', 24345, 24),
(25, '2024-02-20', '2533 Cypress Cir, Valley Forge, Philadelphia, PA', '2024-03-22', 'successful', 25345, 25),
(26, '2024-03-29', '2678 Sycamore St, Windsor Manor, Austin, TX', '2024-04-28', 'successful', 26345, 26),
(27, '2023-05-08', '2735 Poplar Ave, Greenwood Apartments, Jacksonville, FL', '2023-06-07', 'successful', 27345, 27),
(28, '2023-01-06', '2860 Hickory St, Crown Heights, San Diego, CA', '2023-02-05', 'Successful', 28345, 28),
(29, '2023-02-02', '2971 Birchwood Dr, Lake Meridian, Detroit, MI', '2023-03-04', 'successful', 29234, 29),
(30, '2023-08-06', '3084 Cedar Park, Stonegate, San Jose, CA', '2023-09-05', 'successful', 30456, 30),
(31, '2023-09-29', '3190 Pineview Ln, Oakmont Villas, Columbus, OH', '2023-10-29', 'successful', 31433, 31),
(32, '2023-03-23', '3267 Elmwood Ct, Parkside Lofts, Indianapolis, IN', '2023-04-22', 'successful', 32534, 32),
(33, '2023-06-28', '3352 Maplewood Dr, The Hamptons, San Antonio, TX', '2023-07-28', 'successful', 33125, 33),
(34, '2023-07-22', '3419 Evergreen Rd, Sunset Ridge, Dallas, TX', '2023-08-21', 'successful', 31233, 34),
(35, '2023-03-02', '3588 Oak Ridge, Maplewood Apartments, Fort Worth, TX', '2023-04-01', 'Successful', 35234, 35),
(36, '2023-03-10', '3625 Birch Rd, Cherrywood Villas, Charlotte, NC', '2023-04-09', 'successful', 31235, 36),
(37, '2023-11-03', '3771 Walnut St, River Bend, Memphis, TN', '2023-12-03', 'Successful', 37234, 37),
(38, '2024-01-24', '3846 Cedar Ln, Pine Hills, Baltimore, MD', '2024-02-23', 'successful', 38423, 38),
(39, '2024-04-08', '3992 Alderwood Dr, Lakeview Terrace, Albuquerque, NM', '2024-05-08', 'unsuccessful', 39234, 39),
(40, '2023-12-16', '4011 Willow Ct, Autumn Chase, Nashville, TN', '2024-01-15', 'Successful', 40234, 40),
(41, '2023-03-23', '4237 Pinehurst Lane, Greenwood, Dallas, TX', '2023-04-22', 'successful', 41412, 41),
(42, '2023-06-11', '4409 Elmwood Drive, Lakeside, Orlando, FL', '2023-07-11', 'successful', 42123, 42),
(43, '2024-02-05', '4582 Mapleview Court, Hillcrest, San Diego, CA', '2024-03-07', 'successful', 43532, 43),
(44, '2023-11-27', '4775 Oakdale Terrace, Eastview, Boston, MA', '2023-12-27', 'unsuccessful', 44123, 44),
(45, '2023-02-05', '4961 Cedar Lane, Riverside, Chicago, IL', '2023-03-07', 'successful', 45123, 45),
(46, '2023-11-21', '5123 Wellington Road, Sunset District, San Francisco, CA', '2023-12-21', 'unsuccessful', 46123, 46),
(47, '2023-06-16', '5348 Redwood Drive, Greenwood, Seattle, WA', '2023-07-16', 'Successful', 45431, 47),
(48, '2023-05-09', '5572 Maple Avenue, Brookwood, New York, NY', '2023-06-08', 'successful', 41234, 48),
(49, '2024-02-16', '5701 Pine Street, Lakeshore, Miami, FL', '2024-03-18', 'successful', 12411, 49),
(50, '2023-11-19', '5823 Elmwood Park, Hilltop, Los Angeles, CA', '2023-12-19', 'successful', 98765, 50);

--inserting into delivery table:
INSERT INTO Delivery (Delivery_ID, Departure_Date, Arrival_Date, Delivery_Status, Delivery_Method, Package_Weight, Package_Volume, Logistic_Status) VALUES
(1, '2023-01-09', '2023-01-20', 'Delivered', 'Rail', 97.23, 78.2, 'Domestic'),
(2, '2023-01-14', '2023-01-28', 'Delivered', 'Road', 60.16, 5.55, 'International'),
(3, '2023-05-17', '2023-05-20', 'Shipped', 'Rail', 43.32, 15.79, 'Domestic'),
(4, '2023-01-06', '2023-01-17', 'Cancelled', 'Sea', 68.51, 56.94, 'Domestic'),
(5, '2023-10-11', '2023-10-24', 'Delivered', 'Road', 86.61, 33.86, 'International'),
(6, '2023-09-16', '2023-09-29', 'Delivered', 'Rail', 56.27, 7.91, 'Domestic'),
(7, '2023-08-29', '2023-09-10', 'Shipped', 'Rail', 15.02, 59.06, 'Domestic'),
(8, '2023-05-30', '2023-06-05', 'Delivered', 'Road', 78.38, 41.91, 'Domestic'),
(9, '2023-04-15', '2023-04-22', 'Cancelled', 'Rail', 36.73, 59.03, 'Domestic'),
(10, '2023-11-21', '2023-11-26', 'Cancelled', 'Rail', 58.53, 45.54, 'Domestic'),
(11, '2023-02-12', '2023-02-19', 'Cancelled', 'Rail', 45.21, 18.1, 'Domestic'),
(12, '2023-01-01', '2023-01-14', 'Delivered', 'Air', 80.22, 81.83, 'Domestic'),
(13, '2023-02-08', '2023-02-19', 'Delivered', 'Rail', 65.44, 47.72, 'Domestic'),
(14, '2023-08-16', '2023-08-20', 'Shipped', 'Air', 34.31, 50.88, 'Domestic'),
(15, '2023-11-29', '2023-12-09', 'Delivered', 'Sea', 29.0, 33.57, 'International'),
(16, '2023-01-03', '2023-01-07', 'Delivered', 'Road', 40.32, 33.87, 'Domestic'),
(17, '2023-06-23', '2023-06-24', 'Shipped', 'Air', 68.28, 57.74, 'Domestic'),
(18, '2023-06-02', '2023-06-06', 'Delivered', 'Air', 24.36, 70.99, 'International'),
(19, '2023-12-22', '2023-12-26', 'In Transit', 'Sea', 24.06, 20.18, 'Domestic'),
(20, '2023-02-07', '2023-02-09', 'Delivered', 'Sea', 41.2, 100.27, 'Domestic'),
(21, '2023-10-22', '2023-10-26', 'Delivered', 'Sea', 82.12, 85.5, 'Domestic'),
(22, '2023-03-22', '2023-03-23', 'Delivered', 'Air', 31.55, 19.19, 'Domestic'),
(23, '2023-01-05', '2023-01-15', 'Shipped', 'Sea', 84.88, 32.56, 'Domestic'),
(24, '2023-05-31', '2023-06-08', 'Delivered', 'Rail', 22.99, 97.25, 'International'),
(25, '2023-12-09', '2023-12-12', 'Delivered', 'Road', 52.9, 76.3, 'Domestic'),
(26, '2023-04-05', '2023-04-17', 'In Transit', 'Road', 89.03, 36.39, 'International'),
(27, '2023-09-08', '2023-09-09', 'In Transit', 'Sea', 23.56, 68.93, 'International'),
(28, '2023-09-09', '2023-09-17', 'Delivered', 'Sea', 50.03, 2.84, 'Domestic'),
(29, '2023-04-26', '2023-05-05', 'Delivered', 'Air', 11.88, 44.06, 'International'),
(30, '2023-01-27', '2023-02-01', 'Delivered', 'Sea', 39.21, 93.66, 'Domestic'),
(31, '2023-12-05', '2023-12-19', 'Shipped', 'Sea', 8.94, 74.93, 'Domestic'),
(32, '2023-07-28', '2023-08-06', 'Delivered', 'Road', 92.6, 95.1, 'International'),
(33, '2023-05-15', '2023-05-24', 'In Transit', 'Air', 86.3, 49.5, 'International'),
(34, '2023-05-01', '2023-05-14', 'Delivered', 'Air', 5.42, 15.21, 'Domestic'),
(35, '2023-07-28', '2023-08-01', 'Delivered', 'Air', 82.47, 35.52, 'International'),
(36, '2023-08-06', '2023-08-16', 'Delivered', 'Road', 15.08, 75.7, 'International'),
(37, '2023-02-21', '2023-03-03', 'Delivered', 'Air', 84.46, 16.5, 'International'),
(38, '2023-10-23', '2023-10-31', 'In Transit', 'Rail', 63.54, 95.32, 'Domestic'),
(39, '2023-01-10', '2023-01-20', 'Cancelled', 'Road', 83.03, 83.59, 'International'),
(40, '2023-09-18', '2023-09-25', 'Shipped', 'Sea', 98.05, 15.86, 'International'),
(41, '2023-07-24', '2023-08-03', 'Delivered', 'Road', 12.66, 53.59, 'Domestic'),
(42, '2023-02-09', '2023-02-22', 'In Transit', 'Rail', 17.11, 17.39, 'Domestic'),
(43, '2023-09-26', '2023-10-05', 'Delivered', 'Road', 31.61, 45.69, 'International'),
(44, '2023-07-14', '2023-07-26', 'Cancelled', 'Road', 41.96, 67.63, 'International'),
(45, '2023-07-16', '2023-07-19', 'Delivered', 'Air', 52.62, 57.46, 'Domestic'),
(46, '2023-03-06', '2023-03-19', 'Cancelled', 'Air', 17.06, 1.88, 'Domestic'),
(47, '2023-03-07', '2023-03-18', 'Delivered', 'Air', 48.81, 10.82, 'International'),
(48, '2023-12-03', '2023-12-08', 'Delivered', 'Rail', 52.63, 72.7, 'International'),
(49, '2023-02-27', '2023-03-12', 'Delivered', 'Road', 37.01, 20.73, 'International'),
(50, '2023-08-13', '2023-08-15', 'Delivered', 'Sea', 76.16, 76.58, 'International');

--inserting into domestic table:
INSERT INTO Domestic_Logistics (Domestic_Logistics_ID, State_Transfer_Charges) VALUES
(1, 11.7),
(2, 5.2),
(3, 11.4),
(4, 7.1),
(5, 6.0),
(6, 9.7),
(7, 12.6),
(8, 9.4),
(9, 6.7),
(10, 6.7),
(11, 6.0),
(12, 14.7),
(13, 9.4),
(14, 8.3),
(15, 7.4),
(16, 12.4),
(17, 13.7),
(18, 13.8),
(19, 5.1),
(20, 11.9),
(21, 6.4),
(22, 8.9),
(23, 13.5),
(24, 7.5),
(25, 13.3),
(26, 6.4),
(27, 7.1),
(28, 5.0),
(29, 6.9);

--inserting into international_logistic table:
INSERT INTO International_Logistics (International_Logistics_ID, International_Tariff, International_Warehouse, Custom_Duty) VALUES
(1, 'Tariff-3663', 'Shanghai Logistics Center', 314.82),
(2, 'Tariff-2618', 'Seoul Supply Center', 223.16),
(3, 'Tariff-8080', 'Rome Goods Complex', 363.92),
(4, 'Tariff-1876', 'Toronto Cargo Center', 329.4),
(5, 'Tariff-8330', 'Shanghai Logistics Center', 360.2),
(6, 'Tariff-2603', 'Moscow Storage Complex', 161.75),
(7, 'Tariff-9996', 'Rome Goods Complex', 351.52),
(8, 'Tariff-1940', 'Moscow Storage Complex', 225.29),
(9, 'Tariff-1785', 'Dubai Warehouse Complex', 96.48),
(10, 'Tariff-5557', 'Paris Distribution Facility', 342.63),
(11, 'Tariff-6352', 'London Supply Depot', 344.04),
(12, 'Tariff-2922', 'Cairo Warehouse Facility', 413.68),
(13, 'Tariff-3500', 'Istanbul Logistics Depot', 170.78),
(14, 'Tariff-8135', 'Sao Paulo Distribution Point', 307.13),
(15, 'Tariff-7725', 'Shanghai Logistics Center', 295.69),
(16, 'Tariff-4546', 'Seoul Supply Center', 374.58),
(17, 'Tariff-7227', 'Buenos Aires Logistics Center', 216.8),
(18, 'Tariff-8945', 'Mexico City Warehouse Facility', 107.94),
(19, 'Tariff-5291', 'Singapore Freight Hub', 166.94),
(20, 'Tariff-2481', 'Mumbai Goods Repository', 60.62),
(21, 'Tariff-4449', 'London Supply Depot', 86.68);


--inserting into vendor table:
INSERT INTO Vendor (Vendor_ID, Vendor_Name, Email_Address, Contact_Number, Postal_Address) VALUES
(1234, 'Tech Supplies Inc.', 'contact@techsupplies.com', '1234567890', '1234 Tech Ave, Silicon Valley, CA'),
(1235, 'Quality Apparel', 'info@qualityapparel.com', '2345678901', '5678 Fashion St, New York, NY'),
(1236, 'Gourmet Foods Ltd.', 'service@gourmetfoods.com', '3456789012', '9101 Gourmet Way, Chicago, IL'),
(1237, 'Office Essentials', 'support@officeessentials.com', '4567890123', '1123 Business Park, Seattle, WA'),
(1238, 'Outdoor Gear Co.', 'help@outdoorgearco.com', '5678901234', '1415 Outdoors Ln, Denver, CO'),
(1239, 'Home Comfort Furniture', 'sales@homecomfort.com', '2345678902', '1625 Cozy Court, Atlanta, GA'),
(1240, 'Tech Advance Innovations', 'info@techadvance.com', '3456789013', '2468 Digital Drive, Austin, TX'),
(1241, 'Farm to Table Organics', 'contact@farmtable.com', '4567890124', '3497 Agriculture Rd, Portland, OR'),
(1242, 'Urban Trendsetters', 'support@urbantrends.com', '5678901235', '5275 Fashion Ave, Miami, FL'),
(1243, 'Gizmo Gadgets', 'help@gizmogadgets.com', '6789012346', '1981 Gadget St, San Francisco, CA'),
(1244, 'Active Life Sports', 'service@activelife.com', '7890123457', '1324 Runner Lane, San Diego, CA'),
(1245, 'Oceanic Seafoods', 'sales@oceanicseafoods.com', '8901234568', '258 Ocean View Ave, Seattle, WA'),
(1246, 'Green World Tech', 'info@greenworldtech.com', '9012345679', '3652 Eco Park, Boston, MA'),
(1247, 'Artisan Bakery', 'contact@artisanbakery.com', '1234567891', '478 Breadbasket Ln, New Orleans, LA'),
(1248, 'Book Lovers Haven', 'support@booklovers.com', '2345678903', '9812 Literary Cir, St. Louis, MO'),
(1249, 'Fresh Apparel', 'help@freshapparel.com', '3456789014', '7512 New Look Rd, Dallas, TX'),
(1250, 'Bright Light Electronics', 'service@brightlight.com', '4567890125', '6061 Innovation Blvd, Raleigh, NC'),
(1251, 'Workout World', 'sales@workoutworld.com', '5678901236', '2626 Gym St, Philadelphia, PA'),
(1252, 'Toy Universe', 'info@toyuniverse.com', '6789012347', '120 Fantasy Rd, Orlando, FL'),
(1253, 'Gourmet Kitchenware', 'contact@gourmetkitchen.com', '7890123458', '933 Culinary Ln, Las Vegas, NV'),
(1254, 'Eco Friendly Goods', 'support@ecofriendly.com', '8901234569', '1836 Green Way, Phoenix, AZ'),
(1255, 'Mountain High Outfitters', 'help@mountainhigh.com', '9012345670', '4428 Cliffside Rd, Denver, CO'),
(1256, 'Cinema World', 'service@cinemaworld.com', '1234567892', '8765 Movie Blvd, Los Angeles, CA'),
(1257, 'Music Mania Records', 'sales@musicmania.com', '2345678904', '3456 Vinyl St, Nashville, TN'),
(1258, 'Plants & Petals', 'info@plantspetals.com', '3456789015', '7892 Blossom Ave, Portland, OR'),
(1259, 'Adams Inc', 'contact@adamsinc.com', '7762584509', '452 Mcdonald Springs, North Morgan, FL 22755'),
(1260, 'Richardson Hanson', 'contact@richardsonhanson.com', '9973682061', '9721 Lopez Pike, Amandaside, AR 65986'),
(1261, 'Rodgers Tate', 'contact@rodgerstate.com', '5452272893', '825 Freeman Valley, East Richardbury, CO 47379'),
(1262, 'Perez Park', 'contact@perezpark.com', '8874876882', '8983 Kevin Mount, Philipshire, DC 06822'),
(1263, 'Smith Sosa', 'contact@smithsosa.com', '9989979557', '69675 Anthony Mtns, Terrychester, ND 60134'),
(1264, 'Collins Wallace', 'contact@collinswallace.com', '6981345112', '139 Kaufman Vista, North Robert, LA 56206'),
(1265, 'Taylor Clark', 'contact@taylorclark.com', '7633122791', '102 King Branch, Willisville, SC 52072'),
(1266, 'George Hernandez', 'contact@georgehernandez.com', '3846596027', '613 Susan Roads, South Connorville, SD 21232'),
(1267, 'Ryan Hodge', 'contact@ryanhodge.com', '8275474501', '4420 Heather Shoal, Port Mikestad, PA 93760'),
(1268, 'Powell Inc', 'contact@powellinc.com', '5695385268', '1535 Johnny Walk, Port Christina, MN 63046'),
(1269, 'Caldwell Meza', 'contact@caldwellmeza.com', '5073574789', '039 Clark Parks, Lake Amy, SC 22215'),
(1270, 'Harris Hill', 'contact@harrishill.com', '3990233389', '2299 Emily Inlet, Valenzuelachester, WA 43279'),
(1271, 'Francis Perez', 'contact@francisperez.com', '6338838707', '8465 Jessica Center, North Laurenshire, NH 26553'),
(1272, 'Deleon Golden', 'contact@deleongolden.com', '6044529963', '388 Kristina Manors, North Meganmouth, IA 18628'),
(1273, 'Young Bonilla', 'contact@youngbonilla.com', '2991563267', '679 Suarez Overpass, Lake Lisaside, MA 92989'),
(1274, 'Mitchell Group', 'contact@mitchellgroup.com', '3004237177', '62434 Ashley Crossing, North Veronicahaven, KS 80223'),
(1275, 'Herrera Inc', 'contact@herrerainc.com', '1267414774', '74633 Susan Crossroad, Christopherbury, KY 56868'),
(1276, 'King Cannon', 'contact@kingcannon.com', '9933270466', '5661 James Curve, Kleinstad, NM 44184'),
(1277, 'Petersen Jackson', 'contact@petersenjackson.com', '5462510155', '78126 Roger Fields, Lake Courtney, CA 26434'),
(1278, 'Murray Blake', 'contact@murrayblake.com', '5894417696', '52076 Adam View, Port Susan, AK 54402'),
(1279, 'Myers Thomas', 'contact@myersthomas.com', '9637101447', '146 Dawn Streets, Jefffurt, GA 23562'),
(1280, 'Stein Shepard', 'contact@steinshepard.com', '7391917098', 'PSC 5441, Box 8566, APO AA 46500'),
(1281, 'Household Gadgets', 'sales@householdgadgets.com', '8901234567', '9810 Domestic Dr, Dallas, TX'),
(1282, 'Sports Unlimited', 'team@sportsunlimited.com', '9012345678', '2031 Athletic Rd, Boston, MA'),
(1283, 'Beauty & Beyond', 'contact@beautyandbeyond.com', '1234567890', '3245 Glamour Ave, Los Angeles, CA');

--inserting into classification table:
INSERT INTO Classification (Classification_ID, Classification_Name) VALUES
(859, 'Electronic Products'),
(231, 'Clothing'),
(504, 'Food Items'),
(728, 'Sports and Outdoor Items'),
(385, 'Beauty and Health'),
(622, 'Kids Toys and Baby'),
(793, 'Automotive and Industrial'),
(167, 'Handmade'),
(449, 'Pet Supplies'),
(916, 'Industrial and Scientific');

--inserting into item table:
-- Electronic Products (1)
INSERT INTO ITEM (Item_ID, Item_Name, Cost, Details, Classification_ID) VALUES
(145623, 'iPhone 13', 699.00, '64GB, A15 Bionic chip, dual-camera system', 859),
(856942, 'Dell XPS 13', 999.00, '13.3" FHD, Intel Core i5, 8GB RAM, 256GB SSD', 859),
(374829, 'Sony WH-1000XM4', 348.00, 'Wireless noise-cancelling headphones', 859),
(956473, 'Apple Watch Series 7', 399.00, 'GPS model, 41mm, fitness and health tracking', 859),
(123456, 'Kindle Paperwhite', 129.99, '8GB, waterproof, 6.8" display', 859),
(789012, 'JBL Flip 5', 119.95, 'Portable waterproof speaker, Bluetooth', 859),
(345678, 'GoPro HERO9 Black', 399.99, '5K video, 20MP photos, waterproof', 859),
(901234, 'Nintendo Switch', 299.99, 'Portable gaming console, 32GB', 859),
(567890, 'Samsung Galaxy Tab S7', 649.99, '11-inch, 128GB, S Pen included', 859),
(234567, 'Anker Wireless Charger', 29.99, '10W, Qi-certified, for smartphones', 859);

-- Clothing (2)
INSERT INTO ITEM (Item_ID, Item_Name, Cost, Details, Classification_ID) VALUES
(890123, 'Levi’s 501 Original Jeans', 59.99, 'Classic straight fit, button fly', 231),
(678901, 'Nike Sportswear Tee', 25.00, '100% cotton, Nike logo print', 231),
(432189, 'Zara Faux Leather Jacket', 69.90, 'Black, zip-up front, lined', 231),
(543210, 'Adidas Ultraboost Sneakers', 180.00, 'Running shoes, primeknit upper', 231),
(654321, 'H&M V-neck Dress', 24.99, 'Short, sleeveless dress, jersey fabric', 231),
(765432, 'Under Armour Baseball Cap', 22.99, 'UA Classic Fit, pre-curved visor', 231),
(876543, 'The North Face Borealis Backpack', 89.00, '28L, laptop compartment, water-resistant fabric', 231),
(987654, 'Ray-Ban Aviator Sunglasses', 153.00, 'Classic aviator, metal frames', 231),
(135790, 'Burberry Silk Scarf', 190.00, 'Check pattern, Italian-woven silk', 231),
(246801, 'Patagonia Better Sweater', 99.00, 'Quarter-zip, fleece fabric', 231);

-- Food Items (3)
INSERT INTO ITEM (Item_ID, Item_Name, Cost, Details, Classification_ID) VALUES
(111111, 'Organic Almonds', 15.99, '16 oz bag of raw organic almonds', 504),
(222222, 'Extra Virgin Olive Oil', 10.50, '500ml bottle, imported from Italy', 504),
(333333, 'Whole Bean Coffee', 18.99, '12 oz gourmet blend from Colombia', 504),
(444444, 'Organic Quinoa', 7.99, '1 lb bag, pre-washed', 504),
(555555, 'Manuka Honey', 25.99, '8.8 oz, UMF 10+, from New Zealand', 504),
(666666, 'Sourdough Loaf', 4.99, 'Fresh baked, artisan sourdough bread', 504),
(777777, 'Belgian Dark Chocolate', 12.99, '70% cacao, 10 oz bar', 504),
(888888, 'Wild Caught Salmon', 19.99, 'Frozen, 2 lb package', 504),
(999999, 'Organic Avocados', 5.99, 'Pack of 4, ripe and ready to eat', 504),
(123457, 'Kombucha Tea', 9.99, '4-pack, mixed flavors, 12 oz bottles', 504);

-- Sports and Outdoor Items (4)
INSERT INTO ITEM (Item_ID, Item_Name, Cost, Details, Classification_ID) VALUES
(123458, 'Mountain Bike', 349.99, '24-speed, alloy frame, 29-inch wheels', 728),
(123459, 'Camping Tent', 129.99, '4-person, waterproof, includes carrying bag', 728),
(123460, 'Running Shoes', 89.99, 'Men’s size 10, breathable mesh', 728),
(123461, 'Yoga Mat', 19.99, 'Non-slip, eco-friendly material, 6mm thick', 728),
(123462, 'Kayak', 250.00, 'Single-person, inflatable, with paddle', 728),
(123463, 'Golf Clubs Set', 220.00, 'Complete set with bag, right-handed', 728),
(123464, 'Basketball', 29.99, 'Official size, leather', 728),
(123465, 'Fishing Rod', 79.99, 'Carbon fiber, 7-foot, medium-heavy', 728),
(123466, 'Hiking Backpack', 59.99, '30L capacity, water-resistant, multiple compartments', 728),
(123467, 'Fitness Tracker', 99.99, 'Heart rate monitor, GPS, waterproof', 728);

-- Beauty and Health (5)
INSERT INTO ITEM (Item_ID, Item_Name, Cost, Details, Classification_ID) VALUES
(123468, 'Moisturizing Cream', 13.99, '50ml, for sensitive skin', 385),
(123469, 'Argan Oil Shampoo', 15.99, '16 oz, sulfate-free, for dry hair', 385),
(123470, 'Sunscreen SPF 50', 23.99, '4 oz, water-resistant, reef-safe', 385),
(123471, 'Acne Treatment Gel', 19.99, '2 oz, salicylic acid 2%', 385),
(123472, 'Electric Toothbrush', 89.99, 'Rechargeable, with pressure sensor', 385),
(123473, 'Collagen Peptides Powder', 25.99, '16 oz, unflavored, grass-fed', 385),
(123474, 'Lip Balm', 2.99, 'SPF 15, beeswax, vitamin E and peppermint', 385),
(123475, 'Yoga Pants', 39.99, 'Women’s medium, high-waist, black', 385),
(123476, 'Beard Oil', 14.99, '2 oz, organic, sandalwood scent', 385),
(123477, 'Anti-Aging Serum', 29.99, '1 oz, vitamin C and hyaluronic acid', 385);

-- Kids Toys and Baby (6)
INSERT INTO ITEM (Item_ID, Item_Name, Cost, Details, Classification_ID) VALUES
(123478, 'Wooden Puzzle', 15.99, 'Animal shapes, for ages 3-5', 622),
(123479, 'Stroller', 199.99, 'Lightweight, compact fold, canopy', 622),
(123480, 'Action Figures', 24.99, 'Set of 5, superhero themed', 622),
(123481, 'Building Blocks', 30.00, '100 pieces, colorful, non-toxic', 622),
(123482, 'Remote Control Car', 45.99, 'Off-road, 4WD, rechargeable battery', 622),
(123483, 'Dollhouse', 89.99, 'Wooden, furnished, for dolls up to 6 inches', 622),
(123484, 'Learning Tablet', 29.99, 'Educational games, ages 2-4', 622),
(123485, 'Play Kitchen Set', 99.99, 'Includes accessories, for ages 3+', 622),
(123486, 'Baby Monitor', 59.99, 'Video and audio, night vision', 622),
(123487, 'Diaper Bag', 49.99, 'Waterproof, multiple pockets, includes changing pad', 622);

-- Automotive and Industrial (7)
INSERT INTO ITEM (Item_ID, Item_Name, Cost, Details, Classification_ID) VALUES
(123488, 'Car Battery Charger', 79.99, '12V, automatic, LED display', 793),
(123489, 'Safety Goggles', 12.99, 'Anti-fog, scratch-resistant, UV protection', 793),
(123490, 'Work Gloves', 19.99, 'Leather, reinforced palm, medium size', 793),
(123491, 'Oil Filter', 15.99, 'For synthetic oil, compatible with multiple models', 793),
(123492, 'Hydraulic Jack', 35.99, '2-ton capacity, steel construction', 793),
(123493, 'LED Work Light', 29.99, 'Rechargeable, magnetic base, 1000 lumens', 793),
(123494, 'Drill Bit Set', 20.99, 'Titanium coated, 29-piece, metal case', 793),
(123495, 'Tire Pressure Gauge', 9.99, 'Digital, lighted nozzle and display', 793),
(123496, 'Jumper Cables', 24.99, 'Heavy duty, 10 feet, up to 600A', 793),
(123497, 'Air Compressor', 89.99, 'Portable, 12V, for tires and equipment', 793);

-- Handmade (8)
INSERT INTO ITEM (Item_ID, Item_Name, Cost, Details, Classification_ID) VALUES
(123498, 'Hand-knitted Scarf', 29.99, 'Wool, various colors available', 167),
(123499, 'Ceramic Mug', 19.99, 'Hand-painted, dishwasher safe, 16 oz', 167),
(123500, 'Leather Wallet', 49.99, 'Handcrafted, genuine leather, multiple compartments', 167),
(123501, 'Wooden Cutting Board', 34.99, 'Handmade, bamboo, 12"x8"', 167),
(123502, 'Soy Candle', 14.99, 'Hand-poured, lavender scent, 8 oz', 167),
(123503, 'Handmade Soap', 6.99, 'Organic ingredients, variety of scents', 167),
(123504, 'Macrame Plant Hanger', 15.99, 'Cotton rope, 4 legs, up to 7" pots', 167),
(123505, 'Custom Portrait', 60.00, 'Digital, single person, delivered by email', 167),
(123506, 'Quilted Throw Blanket', 89.99, 'Cotton, handmade, 50"x60"', 167),
(123507, 'Beaded Necklace', 22.99, 'Handmade, glass beads, adjustable clasp', 167);

-- Pet Supplies (9)
INSERT INTO ITEM (Item_ID, Item_Name, Cost, Details, Classification_ID) VALUES
(123508, 'Dog Bed', 49.99, 'Memory foam, washable cover, medium size', 449),
(123509, 'Cat Tower', 89.99, 'Multi-level, with scratching posts and hammock', 449),
(123510, 'Fish Tank', 159.99, '20 gallons, LED lighting, filter included', 449),
(123511, 'Bird Feeder', 29.99, 'Squirrel-proof, hanging, 2 lb seed capacity', 449),
(123512, 'Rabbit Hutch', 99.99, 'Outdoor, weatherproof, easy to clean', 449),
(123513, 'Leash and Collar Set', 24.99, 'Reflective, durable, for large dogs', 449),
(123514, 'Hamster Cage', 49.99, 'Multi-level with wheel and tubes', 449),
(123515, 'Reptile Heating Mat', 19.99, 'Under tank heater, 8"x12"', 449),
(123516, 'Flea and Tick Prevention', 59.99, '3 month supply for dogs over 50 lbs', 449),
(123517, 'Parrot Toys', 15.99, '3-pack, colorful, hanging toys', 449);

-- Industrial and Scientific (10)
INSERT INTO ITEM (Item_ID, Item_Name, Cost, Details, Classification_ID) VALUES
(123518, 'Lab Microscope', 299.99, 'Digital, 1000x zoom, LED illumination', 916),
(123519, '3D Printer', 349.99, 'Desktop model, PLA and ABS, open source', 916),
(123520, 'Safety Harness', 89.99, 'Full body, OSHA compliant, up to 310 lbs', 916),
(123521, 'Multimeter', 49.99, 'Digital, auto-ranging, voltage and current',916),
(123522, 'Chemical Resistant Gloves', 12.99, 'Nitrile, long cuff, size medium', 916),
(123523, 'Bench Scale', 79.99, 'Digital, 300 lb capacity, stainless steel platform', 916),
(123524, 'Soldering Iron Kit', 29.99, 'Adjustable temperature, with stand and tips', 916),
(123525, 'Circular Saw', 129.99, 'Cordless, 6 1/2 inch, 20V battery included', 916),
(123526, 'Vernier Caliper', 25.99, 'Stainless steel, 6-inch/150mm capacity', 916),
(123527, 'Lab Centrifuge', 499.99, 'Benchtop, variable speed, includes rotors', 916);

--inserting into catalog table:
INSERT INTO CATALOG (Catalog_ID, Catalog_Category) VALUES
(8758, 'Consumer Electronics Industry'),
(3178, 'Apparel & Fashion Industry'),
(1362, 'Food & Beverage Industry'),
(4863, 'Sports & Recreation Industry'),
(2745, 'Health & Beauty Industry'),
(5244, 'Toy & Children Products Industry'),
(4824, 'Automotive & Manufacturing Industry'),
(6967, 'Crafts & Artisanal Products Industry'),
(7771, 'Pet Care & Supplies Industry'),
(4046, 'Industrial Goods & Scientific Research Industry');

--inserting into order table:
INSERT INTO [ORDER] (Order_ID, Order_Date, Billing_ID, Consumer_ID, Delivery_ID) 
VALUES 
(11112, '2023-10-15', 1, 1, 1),
(11113, '2023-08-05', 2, 2, 2),
(11114, '2023-07-03', 3, 3, 3),
(11115, '2023-03-07', 4, 4, 4),
(11116, '2023-01-22', 5, 5, 5),
(11117, '2023-03-27', 6, 6, 6),
(11118, '2023-12-08', 7, 7, 7),
(11119, '2023-01-10', 8, 8, 8),
(11120, '2023-10-02', 9, 9, 9),
(11121, '2023-05-30', 10, 10, 10),
(11122, '2023-11-13', 11, 11, 11),
(11123, '2023-03-15', 12, 12, 12),
(11124, '2023-07-29', 13, 13, 13),
(11125, '2023-06-07', 14, 14, 14),
(11126, '2023-02-04', 15, 15, 15),
(11127, '2023-09-01', 16, 16, 16),
(11128, '2023-04-06', 17, 17, 17),
(11129, '2023-01-08', 18, 18, 18),
(11130, '2023-07-07', 19, 19, 19),
(11131, '2023-08-11', 20, 20, 20),
(11132, '2023-01-27', 21, 21, 21),
(11133, '2023-02-07', 22, 22, 22),
(11134, '2023-02-04', 23, 23, 23),
(11135, '2023-12-22', 24, 24, 24),
(11136, '2023-02-20', 25, 25, 25),
(11137, '2023-04-01', 26, 26, 26),
(11138, '2023-05-08', 27, 27, 27),
(11139, '2023-01-08', 28, 28, 28),
(11140, '2023-02-02', 29, 29, 29),
(11141, '2023-08-06', 30, 30, 30),
(11142, '2023-09-29', 31, 31, 31),
(11143, '2023-03-25', 32, 32, 32),
(11144, '2023-06-30', 33, 33, 33),
(11145, '2023-07-22', 34, 34, 34),
(11146, '2023-03-04', 35, 35, 35),
(11147, '2023-03-10', 36, 36, 36),
(11148, '2023-11-05', 37, 37, 37),
(11149, '2023-01-24', 38, 38, 38),
(11150, '2023-04-10', 39, 39, 39),
(11151, '2023-12-18', 40, 40, 40),
(11152, '2023-03-25', 41, 41, 41),
(11153, '2023-06-11', 42, 42, 42),
(11154, '2023-02-25', 43, 43, 43),
(11155, '2023-11-29', 44, 44, 44),
(11156, '2023-02-07', 45, 45, 45),
(11157, '2023-11-24', 46, 46, 46),
(11158, '2023-06-18', 47, 47, 47),
(11159, '2023-05-09', 48, 48, 48),
(11160, '2023-02-18', 49, 49, 49),
(11161, '2023-11-19', 50, 50, 50);

--inserting into order_line
INSERT INTO ORDER_LINE (Order_ID, ITEM_ID, Order_QTY) VALUES
(11112, 123477, 3),
(11113, 123496, 6),
(11114, 123459, 4),
(11115, 123459, 10),
(11116, 123505, 3),
(11117, 123513, 4),
(11118, 123506, 7),
(11119, 333333, 4),
(11120, 123502, 3),
(11121, 111111, 8),
(11122, 246801, 2),
(11123, 123485, 2),
(11124, 123488, 9),
(11125, 123519, 5),
(11126, 123518, 5),
(11127, 123514, 5),
(11128, 374829, 7),
(11129, 123504, 1),
(11130, 123460, 3),
(11131, 789012, 7),
(11132, 555555, 7),
(11133, 123525, 10),
(11134, 123515, 7),
(11135, 123499, 1),
(11136, 123457, 5),
(11137, 123478, 5),
(11138, 555555, 4),
(11139, 123493, 5),
(11140, 123503, 10),
(11141, 123468, 10),
(11142, 123506, 9),
(11143, 123462, 9),
(11144, 123518, 4),
(11145, 222222, 8),
(11146, 123493, 5),
(11147, 123493, 7),
(11148, 123518, 9),
(11149, 123460, 9),
(11150, 555555, 1),
(11151, 123488, 9),
(11152, 765432, 5),
(11153, 123468, 4),
(11154, 145623, 10),
(11155, 111111, 3),
(11156, 234567, 1),
(11157, 123503, 10),
(11158, 123470, 1),
(11159, 444444, 10),
(11160, 123513, 10),
(11161, 678901, 4);


--inserting into utilized_item table:
--- electronics
INSERT INTO UTILIZED_ITEM (Item_ID, Vendor_ID, Utilized_Date) VALUES
(145623, 1234, '2025-09-25'),
(856942, 1234, '2026-11-14'),
(374829, 1240, '2025-07-03'),
(956473, 1240, '2025-01-24'),
(123456, 1243, '2025-04-15'),
(789012, 1243, '2027-06-26'),
(345678, 1250, '2025-08-07'),
(901234, 1250, '2024-07-08'),
(567890, 1250, '2025-04-09'),
(234567, 1250, '2024-12-10'),

--food items
(111111, 1236, '2024-04-01'),
(222222, 1241, '2024-12-02'),
(333333, 1247, '2024-11-03'),
(444444, 1236, '2024-12-04'),
(555555, 1241, '2024-04-25'),
(666666, 1280, '2024-12-26'),
(777777, 1247, '2024-11-07'),
(888888, 1245, '2024-06-08'),
(999999, 1245, '2024-04-09'),
(123457, 1247, '2024-04-10'),

--clothing
(890123, 1235, '2024-04-11'),
(678901, 1235, '2024-12-02'),
(432189, 1235, '2024-07-23'),
(543210, 1235, '2024-05-14'),
(654321, 1269, '2025-04-25'),
(765432, 1242, '2025-01-06'),
(876543, 1242, '2025-03-27'),
(987654, 1249, '2025-04-08'),
(135790, 1249, '2024-11-09'),
(246801, 1269, '2027-04-01');

INSERT INTO UTILIZED_ITEM (Item_ID, Vendor_ID, Utilized_Date) VALUES
--sports
(123458, 1248, '2024-04-05'),
(123459, 1248, '2024-05-25'),
(123460, 1244, '2024-06-15'),
(123461, 1251, '2024-06-12'),
(123462, 1255, '2025-09-07'),
(123463, 1282, '2025-11-09'),
(123464, 1282, '2026-12-19'),
(123465, 1248, '2025-10-29'),
(123466, 1255, '2025-01-27'),
(123467, 1240, '2026-05-17'),

--health care
(123468, 1283, '2024-12-05'),
(123469, 1278, '2024-08-15'),
(123470, 1283, '2025-09-25'),
(123471, 1278, '2025-08-17'),
(123472, 1281, '2025-09-27'),
(123473, 1279, '2025-08-13'),
(123474, 1283, '2024-05-03'),
(123475, 1235, '2025-07-15'),
(123476, 1253, '2025-12-23'),
(123477, 1270, '2025-06-06'),

--toys
(123478, 1252, '2024-05-24'),
(123479, 1254, '2025-07-28'),
(123480, 1252, '2025-04-12'),
(123481, 1254, '2025-02-01'),
(123482, 1254, '2026-10-08'),
(123483, 1252, '2026-04-22'),
(123484, 1252, '2024-07-06'),
(123485, 1257, '2024-02-15'),
(123486, 1259, '2024-04-17'),
(123487, 1268, '2025-05-24'),

--car items
(123488, 1271, '2025-10-28'),
(123489, 1271, '2024-01-23'),
(123490, 1238, '2026-07-12'),
(123491, 1272, '2026-09-07'),
(123492, 1272, '2026-11-02'),
(123493, 1273, '2026-05-28'),
(123494, 1274, '2026-08-03'),
(123495, 1238, '2025-02-03'),
(123496, 1275, '2026-08-05'),
(123497, 1275, '2025-11-24'),

--kitchen items
(123498, 1239, '2025-06-01'),
(123499, 1260, '2025-04-21'),
(123500, 1258, '2026-01-17'),
(123501, 1239, '2026-10-17'),
(123502, 1258, '2024-11-07'),
(123503, 1260, '2024-10-06'),
(123504, 1277, '2024-09-11'),
(123505, 1277, '2024-04-14'),
(123506, 1276, '2026-03-03'),
(123507, 1276, '2024-08-23'),

--pet items
(123508, 1261, '2025-06-01'),
(123509, 1261, '2025-04-21'),
(123510, 1262, '2026-01-17'),
(123511, 1263, '2026-10-17'),
(123512, 1264, '2024-11-07'),
(123513, 1265, '2024-10-06'),
(123514, 1266, '2024-09-11'),
(123515, 1266, '2024-04-14'),
(123516, 1238, '2026-03-03'),
(123517, 1238, '2024-08-23'),

--lab items
(123518, 1256, '2025-09-12'),
(123519, 1240, '2026-02-18'),
(123520, 1246, '2025-07-29'),
(123521, 1237, '2024-11-21'),
(123522, 1234, '2026-05-05'),
(123523, 1267, '2025-04-08'),
(123524, 1234, '2024-10-15'),
(123525, 1237, '2024-08-29'),
(123526, 1246, '2025-11-03'),
(123527, 1246, '2025-12-20');


--insert into review table
INSERT INTO Review (Review_ID, Order_ID, Consumer_ID, Review_Text, Review_Rating, Review_Date) VALUES
('11111', '11112', '1', 'Excellent', 5, '2023-12-05'),
('11112', '11113', '2', 'Good', 4, '2023-05-18'),
('11113', '11114', '3', 'Average', 3, '2023-07-30'),
('11114', '11115', '4', 'Poor', 2, '2023-03-27'),
('11115', '11116', '5', 'Bad', 1, '2023-10-22'),
('11116', '11117', '6', 'Fantastic', 5, '2023-09-15'),
('11117', '11118', '7', 'Great', 4, '2023-11-10'),
('11118', '11119', '8', 'Fair', 3, '2023-06-04'),
('11119', '11120', '9', 'Disappointing', 2, '2023-08-08'),
('11120', '11121', '10', 'Terrible', 1, '2023-04-01'),
('11121', '11122', '11', 'Superb', 5, '2023-01-25'),
('11122', '11123', '12', 'Satisfactory', 3, '2023-02-14'),
('11123', '11124', '13', 'Mediocre', 3, '2023-04-29'),
('11124', '11125', '14', 'Pleasant', 4, '2023-08-03'),
('11125', '11126', '15', 'Unsatisfactory', 2, '2024-01-16'),
('11126', '11127', '16', 'Delightful', 5, '2024-02-09'),
('11127', '11128', '17', 'Inferior', 2, '2024-03-22'),
('11128', '11129', '18', 'Outstanding', 5, '2024-04-12'),
('11129', '11130', '19', 'Acceptable', 3, '2024-05-01'),
('11130', '11131', '20', 'Flawed', 2, '2024-06-26'),
('11131', '11132', '21', 'Remarkable', 5, '2024-07-11'),
('11132', '11133', '22', 'Weak', 2, '2024-07-25'),
('11133', '11134', '23', 'Superior', 5, '2024-08-19'),
('11134', '11135', '24', 'Efficient', 4, '2024-08-31'),
('11135', '11136', '25', 'Defective', 1, '2024-09-20'),
('11136', '11137', '26', 'Impressive', 5, '2024-09-30'),
('11137', '11138', '27', 'Limited', 2, '2024-10-15'),
('11138', '11139', '28', 'Splendid', 5, '2024-10-31'),
('11139', '11140', '29', 'Adequate', 3, '2024-11-20'),
('11140', '11141', '30', 'Faulty', 1, '2024-12-08'),
('11141', '11142', '31', 'Marvelous', 5, '2023-01-02'),
('11142', '11143', '32', 'Subpar', 2, '2023-02-26'),
('11143', '11144', '33', 'Stunning', 5, '2023-03-17'),
('11144', '11145', '34', 'Basic', 3, '2023-04-05'),
('11145', '11146', '35', 'Ideal', 5, '2023-05-25'),
('11146', '11147', '36', 'Lacking', 2, '2023-06-12'),
('11147', '11148', '37', 'Optimal', 5, '2023-07-03'),
('11148', '11149', '38', 'Moderate', 3, '2023-08-18'),
('11149', '11150', '39', 'Inadequate', 1, '2023-09-09'),
('11150', '11151', '40', 'Praiseworthy', 5, '2023-10-08'),
('11151', '11152', '41', 'Unremarkable', 2, '2024-11-15'),
('11152', '11153', '42', 'Exceptional', 5, '2024-12-03'),
('11153', '11154', '43', 'Unimpressive', 2, '2024-12-22'),
('11154', '11155', '44', 'Outrageous', 1, '2025-01-10'),
('11155', '11156', '45', 'Impartial', 3, '2025-01-29'),
('11156', '11157', '46', 'Outrageous', 1, '2025-02-17'),
('11157', '11158', '47', 'Unbiased', 3, '2025-03-07'),
('11158', '11159', '48', 'Indifferent', 2, '2025-03-25'),
('11159', '11160', '49', 'Favorable', 4, '2025-04-12'),
('11160', '11161', '50', 'Unfavorable', 2, '2025-04-30');

-- Consumer Electronics Industry
INSERT INTO ITEM_CATALOG (Item_ID, Catalog_ID, Item_Stock_Quantity, Item_Location, Received_Date) VALUES
(145623, 8758, 100, '500 Tech Blvd, Austin, TX', '2023-11-15'),
(856942, 8758, 50, '1000 Market St, San Francisco, CA', '2023-11-20'),
(374829, 8758, 75, '1500 Warehouse Ave, Chicago, IL', '2023-12-01'),
(956473, 8758, 120, '2000 Distribution Ln, Atlanta, GA', '2024-01-12'),
(123456, 8758, 200, '2500 Retail Row, New York, NY', '2024-02-25'),
(789012, 8758, 150, '3000 Tech Vista, Seattle, WA', '2024-03-05'),
(345678, 8758, 85, '3500 Commerce Ct, Las Vegas, NV', '2024-04-10'),
(901234, 8758, 60, '4000 Logistics Blvd, Denver, CO', '2024-01-18'),
(567890, 8758, 70, '4500 Trade Way, Boston, MA', '2024-02-28'),
(234567, 8758, 180, '5000 Shopping St, Miami, FL', '2024-03-25');

-- Food & Beverage Industry
INSERT INTO ITEM_CATALOG (Item_ID, Catalog_ID, Item_Stock_Quantity, Item_Location, Received_Date) VALUES
(111111, 1362, 120, '2623 Cedar Pine Lane, Orlando, FL', '2023-11-01'),
(222222, 1362, 150, '7384 Maple Street, Portland, OR', '2023-12-24'),
(333333, 1362, 200, '4896 Oak Avenue, Phoenix, AZ', '2024-01-10'),
(444444, 1362, 180, '1592 Elm Street, Detroit, MI', '2024-02-15'),
(555555, 1362, 160, '6403 Pine Tree Lane, Las Vegas, NV', '2024-03-05'),
(666666, 1362, 140, '3019 Birch Street, Charleston, SC', '2024-04-20'),
(777777, 1362, 100, '8726 Spruce Avenue, Tulsa, OK', '2024-01-30'),
(888888, 1362, 90, '4148 Redwood Drive, Columbus, OH', '2024-02-15'),
(999999, 1362, 200, '9238 Walnut Street, Albany, NY', '2024-03-25'),
(123457, 1362, 135, '1337 Quartz Drive, Sacramento, CA', '2024-04-08');

-- Apparel & Fashion Industry
INSERT INTO ITEM_CATALOG (Item_ID, Catalog_ID, Item_Stock_Quantity, Item_Location, Received_Date) VALUES
(890123, 3178, 150, '7264 Juniper Drive, Helena, MT', '2023-11-25'),
(678901, 3178, 200, '1985 Maple Court, Anchorage, AK', '2023-12-05'),
(432189, 3178, 100, '7643 Elmwood Avenue, Fargo, ND', '2024-01-15'),
(543210, 3178, 120, '3852 Locust Court, Reno, NV', '2024-02-22'),
(654321, 3178, 130, '5931 Oak Ridge Lane, Madison, WI', '2024-03-30'),
(765432, 3178, 140, '4719 Maple Street, Birmingham, AL', '2024-04-05'),
(876543, 3178, 110, '2625 Cedar Street, Providence, RI', '2023-11-18'),
(987654, 3178, 90, '1287 Locust View Drive, Sioux Falls, SD', '2024-01-12'),
(135790, 3178, 75, '6538 Walnut Avenue, Knoxville, TN', '2024-02-19'),
(246801, 3178, 85, '4297 Ashford Drive, Virginia Beach, VA', '2024-03-25');


--  Sports & Recreation Industry
INSERT INTO ITEM_CATALOG (Item_ID, Catalog_ID, Item_Stock_Quantity, Item_Location, Received_Date) VALUES
(123458, 4863, 60, '8346 Pine Tree Lane, Wichita, KS', '2023-11-01'),
(123459, 4863, 70, '9524 Cedar Street, Portland, ME', '2023-11-15'),
(123460, 4863, 80, '4678 Spruce Drive, Billings, MT', '2023-12-01'),
(123461, 4863, 90, '3921 Willow Lane, Newark, NJ', '2024-01-20'),
(123462, 4863, 50, '7183 Maple Avenue, Boise, ID', '2024-02-15'),
(123463, 4863, 40, '2428 Oak Drive, Fargo, ND', '2023-11-01'),
(123464, 4863, 100, '3996 Cherry Camp Road, Bridgeport, WV', '2023-12-25'),
(123465, 4863, 110, '6732 Elmwood Avenue, Rapid City, SD', '2024-01-10'),
(123466, 4863, 120, '4456 Birch Street, Providence, RI', '2024-03-20'),
(123467, 4863, 130, '9810 Maple Drive, Cheyenne, WY', '2024-04-05');


-- Health & Beauty Industry
INSERT INTO ITEM_CATALOG (Item_ID, Catalog_ID, Item_Stock_Quantity, Item_Location, Received_Date) VALUES
(123468, 2745, 140, '9571 Whispering Pine Ave, Fairbanks, AK', '2023-11-01'),
(123469, 2745, 150, '4302 Quiet Valley Lane, Sioux City, IA', '2023-11-15'),
(123470, 2745, 160, '8843 Shady Grove Rd, Morgantown, WV', '2024-01-01'),
(123471, 2745, 170, '3118 Windy Ridge Road, Bismarck, ND', '2024-02-20'),
(123472, 2745, 180, '6629 Lantern Lane, Bangor, ME', '2023-12-15'),
(123473, 2745, 190, '2301 Cobblestone Drive, Eugene, OR', '2023-11-30'),
(123474, 2745, 200, '7834 Maple Drive, Key West, FL', '2024-01-01'),
(123475, 2745, 210, '4925 Eagles Nest Drive, Santa Fe, NM', '2024-02-15'),
(123476, 2745, 220, '6482 Boulder Creek Lane, Rapid City, SD', '2024-03-20'),
(123477, 2745, 230, '3104 Quiet Valley Street, Salem, OR', '2024-04-01');

-- Toy & Children's Products Industry
INSERT INTO ITEM_CATALOG (Item_ID, Catalog_ID, Item_Stock_Quantity, Item_Location, Received_Date) VALUES
(123478, 5244, 240, '3682 Forest Drive, Anchorage, AK', '2023-11-01'),
(123479, 5244, 250, '2748 Meadow View Drive, Hartford, CT', '2023-12-15'),
(123480, 5244, 260, '6829 Creek Bed Road, Carson City, NV', '2024-01-01'),
(123481, 5244, 270, '4916 Quiet Dale Drive, Cheyenne, WY', '2024-02-20'),
(123482, 5244, 280, '8853 Pineview Avenue, Fargo, ND', '2023-11-15'),
(123483, 5244, 290, '2153 Hidden Pond Road, Nashville, TN', '2023-12-01'),
(123484, 5244, 300, '4037 Eagle Drive, Pierre, SD', '2024-01-15'),
(123485, 5244, 310, '7382 Rocky Road Drive, Montpelier, VT', '2024-02-01'),
(123486, 5244, 320, '9298 Old House Drive, Biloxi, MS', '2024-03-15'),
(123487, 5244, 330, '1124 Winding Way, Providence, RI', '2024-04-01');

--  Automotive & Manufacturing Industry
INSERT INTO ITEM_CATALOG (Item_ID, Catalog_ID, Item_Stock_Quantity, Item_Location, Received_Date) VALUES
(123488, 4824, 95, '4221 Willow Oak Drive, Lake Charles, LA', '2023-11-10'),
(123489, 4824, 110, '8172 Cedar Street, Fairbanks, AK', '2023-12-21'),
(123490, 4824, 120, '3587 Maple Avenue, Charleston, WV', '2024-01-05'),
(123491, 4824, 130, '9064 Spruce Drive, Juneau, AK', '2024-02-15'),
(123492, 4824, 140, '6391 Elmwood Avenue, Montgomery, AL', '2023-11-01'),
(123493, 4824, 85, '1324 Oak Valley Lane, Sioux Falls, SD', '2023-12-25'),
(123494, 4824, 90, '4758 Forest Avenue, Duluth, MN', '2024-01-08'),
(123495, 4824, 150, '2983 Pine Street, Salem, OR', '2024-02-18'),
(123496, 4824, 100, '7689 Creek Road, Little Rock, AR', '2024-03-02'),
(123497, 4824, 110, '8320 Maple Road, Hartford, CT', '2024-04-28');


--  Crafts & Artisanal Products Industry
INSERT INTO ITEM_CATALOG (Item_ID, Catalog_ID, Item_Stock_Quantity, Item_Location, Received_Date) VALUES
(123498, 6967, 75, '3842 Maple Court, Missoula, MT', '2023-11-10'),
(123499, 6967, 65, '9235 Elm Street, Fargo, ND', '2023-11-15'),
(123500, 6967, 85, '7621 Cedar Drive, Helena, MT', '2023-12-20'),
(123501, 6967, 95, '4782 Oak Avenue, Bangor, ME', '2024-01-25'),
(123502, 6967, 105, '6901 Pine Street, Juneau, AK', '2023-11-01'),
(123503, 6967, 115, '8504 Spruce Lane, Bismarck, ND', '2023-12-05'),
(123504, 6967, 125, '3110 Birch Street, Cheyenne, WY', '2024-01-10'),
(123505, 6967, 50, '6429 Walnut Avenue, Concord, NH', '2024-02-15'),
(123506, 6967, 60, '5283 Cherry Lane, Charleston, WV', '2024-03-20'),
(123507, 6967, 70, '1732 Maple Avenue, Providence, RI', '2024-04-25');

--  Pet Care & Supplies Industry
INSERT INTO ITEM_CATALOG (Item_ID, Catalog_ID, Item_Stock_Quantity, Item_Location, Received_Date) VALUES
(123508, 7771, 80, '4217 Maple View Drive, Anchorage, AK', '2023-11-10'),
(123509, 7771, 90, '6582 Pine Street, Wilmington, DE', '2023-12-15'),
(123510, 7771, 100, '8345 Cherry Avenue, Topeka, KS', '2024-01-20'),
(123511, 7771, 110, '2921 Oak Drive, Montpelier, VT', '2024-02-01'),
(123512, 7771, 95, '1473 Elm Street, Carson City, NV', '2023-11-05'),
(123513, 7771, 105, '9684 Cedar Lane, Little Rock, AR', '2023-12-10'),
(123514, 7771, 115, '3059 Birch Street, Providence, RI', '2024-01-15'),
(123515, 7771, 125, '6420 Walnut Avenue, Dover, DE', '2024-02-20'),
(123516, 7771, 135, '7832 Spruce Road, Frankfort, KY', '2024-03-25'),
(123517,7771,150,'1575 Tremont St, Boston, MA', '2024-04-08');

--  Industrial Goods & Scientific Research Industry
INSERT INTO ITEM_CATALOG (Item_ID, Catalog_ID, Item_Stock_Quantity, Item_Location, Received_Date) VALUES
(123518, 4046, 75, '8632 Creek Road, Pierre, SD', '2023-11-10'),
(123519, 4046, 85, '3478 Quiet Valley Lane, Hartford, CT', '2023-11-15'),
(123520, 4046, 95, '4691 Forest Avenue, Salem, OR', '2023-12-20'),
(123521, 4046, 105, '6823 Pine Street, Juneau, AK', '2024-01-01'),
(123522, 4046, 115, '9354 Elm Drive, Madison, WI', '2023-11-05'),
(123523, 4046, 125, '2179 Oak Avenue, Columbia, SC', '2023-12-10'),
(123524, 4046, 135, '5842 Maple Lane, Dover, DE', '2024-01-15'),
(123525, 4046, 145, '7935 Cherry Street, Cheyenne, WY', '2024-02-20'),
(123526, 4046, 155, '3268 Spruce Drive, Montgomery, AL', '2024-03-25'),
(123527, 4046, 165, '4512 Birch Street, Lansing, MI', '2024-04-01');

